dataset,quality,sweep,bpp,psnr,infer_compress_s,infer_decompress_s,codec_compress_s,codec_decompress_s,infer_compress_gbs,infer_decompress_gbs,codec_compress_gbs,codec_decompress_gbs,e2e_comp_GBps,e2e_decomp_GBps
cesm,1,baseline,0.002620820820820821,8.660086631774902,0.6343313935697079,0.6297964141368866,1.0217267496585847,0.7919944334030151,2.8161166576759555,2.8363946885384976,1.7483649170537774,2.2555097972632496,1.0786766220877808,1.25640927215796
cesm,1,mix,0.0028208875542208877,8.65766716003418,0.6197756511569024,0.6158332481384278,1.0139970881938933,0.7615796244144439,2.882254571608242,2.9007060098140705,1.7616926367118686,2.3455869178379474,1.0933902622394658,1.2968887103600726
cesm,2,baseline,0.0018529195862529197,8.68781566619873,0.6346509166955948,0.629388184517622,1.0318311111927032,0.7666974675655365,2.8146988477057002,2.838234412181663,1.731243790326885,2.3299297043338174,1.0719294742002423,1.2795426994418049
cesm,2,mix,0.0042183516850183515,8.674700736999512,0.620711651980877,0.6157038756608963,1.0458865268230437,0.7964487047195434,2.877908281917497,2.9013155098317163,1.7079780244847675,2.2428954850865024,1.0718547677764056,1.264984555307194
cesm,3,baseline,0.0025393393393393394,8.669241905212402,0.6346139173805714,0.6306679698526859,1.060023549079895,0.7941863920688629,2.8148629505192537,2.8324749143923076,1.6851995462450031,2.2492845782272792,1.0541199750820747,1.2537079238817055
cesm,3,mix,0.007088955622288956,8.67339038848877,0.6206857250630855,0.6162760962247849,1.0736477811336518,0.8421296997070312,2.8780284962037674,2.8986215997365097,1.6638149263739643,2.1212304999335747,1.0543090822350976,1.224865677921355
cesm,4,baseline,0.003236703370036703,8.66442584991455,0.6349779834747314,0.6296287682652474,1.068771939277649,0.8102338562011718,2.8132490423418655,2.8371499111138303,1.6714054123892872,2.204735324556626,1.0484820454357735,1.240640026044456
cesm,4,mix,0.008116583249916584,8.670287132263184,0.6227552308142186,0.6162614679038525,1.0931953012943267,0.8552155244350433,2.868464391030325,2.898690404893461,1.6340641071210644,2.0887731254627577,1.0410272152329496,1.213985140929096
cesm,5,baseline,0.004015815815815816,8.662217140197754,0.6362631028592587,0.6300699483752251,1.0839436829090119,0.8307472360134125,2.8075668632848534,2.835163315636556,1.6480110840485487,2.150294489682318,1.038451434267913,1.2228437774477972
cesm,5,mix,0.007096763430096764,8.663995742797852,0.6207873607873917,0.6160914468169212,1.099359041929245,0.8762643516063691,2.877557303442345,2.8994903486288655,1.6249024529635216,2.038598512701921,1.0384878874828694,1.1970008799548875
cesm,6,baseline,0.005128461795128462,8.655256271362305,0.6355922267138958,0.6290488884449005,1.0927559995651246,0.8482018904685974,2.810530287876792,2.839765297629847,1.6347210215540862,2.1060448272893733,1.0335597750253789,1.2092403195294297
cesm,6,mix,0.010287821154487821,8.656148910522461,0.6205981720983982,0.6151582106947899,1.1129117510318756,0.8973799338340759,2.8784345237085622,2.903889069286524,1.6051148730006475,1.9906297617846562,1.0304822488081091,1.1810288622340033
covid,1,baseline,0.035956190476190475,32.81634521484375,2.0085918442606925,2.0066344699263574,1.830341005563736,1.5594594938755035,0.6231716731598692,0.6237795468195759,0.6838602951463061,0.8026483183430028,0.3260535125902108,0.3509995959132696
covid,1,mix,0.03670380952380952,32.752593994140625,1.9608406130075455,1.9602175453305244,1.829095840215683,1.5103875505924225,0.6383474169087839,0.6385503197157368,0.6843258361659199,0.8287260708632346,0.3302687408435757,0.3606568611777872
covid,2,baseline,0.01513047619047619,32.674556732177734,2.0130195871591567,2.009404988348484,1.8665607652664185,1.4257360570430755,0.6218009741522894,0.6229194948460662,0.6705902982507754,0.877930760115009,0.3226373541923476,0.36438024632567206
covid,2,mix,0.016142,32.584415435791016,1.96533038687706,1.960075935781002,1.8558203573226928,1.3959638109207153,0.636889119835047,0.638596453042243,0.6744712845423088,0.8966547201948161,0.3275708350902395,0.37296862813182086
covid,3,baseline,0.024217619047619047,33.465538024902344,2.0162040349841117,2.011042614221573,1.9223341193199157,1.5223205423355102,0.6208188846785374,0.6224122410094755,0.6511342267212265,0.8222299479470182,0.3178076461987172,0.3542510307666365
covid,3,mix,0.026551809523809523,33.457298278808594,1.9687567679286002,1.9626355223059655,1.9263956398963928,1.5320215682983398,0.6357806919948568,0.6377636224644208,0.6497614064110543,0.8170234454815799,0.32134751332673434,0.358174638549946
covid,4,baseline,0.043504380952380954,34.29804992675781,2.0159731489419936,2.0116154290437698,1.942670692205429,1.6289690821170806,0.6208899860298778,0.6222350068562573,0.6443179203276113,0.7683985865811777,0.3161935224565177,0.34381774037820156
covid,4,mix,0.04519561904761905,34.29231643676758,1.9691207064390182,1.9643008257746697,1.947665150165558,1.6338148846626281,0.635663185192333,0.6372229364560623,0.6426656759642717,0.7661195598310823,0.3195726256447136,0.3478758441959827
covid,5,baseline,0.07797209523809524,35.186973571777344,2.015310856819153,2.0103436473608016,1.9591334145069121,1.757207326412201,0.6210940292649484,0.6226286445735004,0.6389036759899472,0.7123220586832355,0.31493649296171333,0.33223108300236065
covid,5,mix,0.07992990476190476,35.18464279174805,1.9631746888756751,1.9555721487998963,1.9621143066883087,1.7619433934688569,0.6375884669744085,0.6400671747403184,0.6379330378543748,0.7104073518610049,0.3188803529365001,0.3367027053555525
covid,6,baseline,0.1372117142857143,36.205543518066406,2.0120094153881074,2.0084115589857103,1.9807436139583587,1.8870720357894897,0.6221131624484751,0.6232276122307006,0.6319331444324513,0.6633014090315495,0.3134923525405429,0.32132019294396125
covid,6,mix,0.13948047619047618,36.20326614379883,1.963982536315918,1.958351771235466,1.974103872537613,1.8851424388885498,0.6373262068975242,0.6391586836789512,0.6340586013208149,0.6639803520741829,0.31784410252379447,0.3256665606484198
hurricane,1,baseline,0.011872,40.742637634277344,0.15275190138816833,0.1523605425953865,0.043171487748622894,0.027772992253303527,0.6096962238452476,0.6112623115872777,2.157263099289846,3.3533389781027285,0.47535037992081736,0.5170178753210933
hurricane,1,mix,0.01243776,40.50972366333008,0.14955075323581696,0.14935715484619141,0.04289964818954468,0.027672896206378937,0.6227468297313995,0.6235540410330915,2.1709328955346923,3.365468390694854,0.48392862146181337,0.5260816279937215
hurricane,2,baseline,0.01123712,44.98035430908203,0.1533121275305748,0.15274966406822205,0.04464323276281357,0.0281365761756897,0.607468299877155,0.6097051540483422,2.086145014550204,3.3100067641497586,0.4704710058041224,0.5148664560442291
hurricane,2,mix,0.0164352,45.25245666503906,0.14885743749141694,0.1492652183175087,0.043701311111450196,0.02807926422357559,0.625647324252225,0.6239381050141372,2.131109000918424,3.3167627442087038,0.48365632897637734,0.5251488860950184
hurricane,3,baseline,0.01260416,46.474769592285156,0.15290976059436798,0.1525815653204918,0.0455658558011055,0.02872159957885742,0.6090667927249251,0.6103768647669007,2.0439044943667737,3.2425860267930373,0.46923777919387716,0.5136824694331751
hurricane,3,mix,0.01416704,46.324119567871094,0.1494426231980324,0.14846019160747528,0.04577289587259293,0.029069664001464844,0.6231974216494753,0.6273214149405587,2.034659500696173,3.203761056779151,0.4770740456748951,0.5246005362990779
hurricane,4,baseline,0.01483264,47.399574279785156,0.15293852990865708,0.15270300579071044,0.04578867191076279,0.02922185558080673,0.6089522209816671,0.6098914489554433,2.033958478705227,3.18707541360646,0.46864373175331875,0.5119270492192827
hurricane,4,mix,0.01652736,47.13478469848633,0.1492369595170021,0.14888320118188858,0.046109855830669406,0.029866464138031006,0.6240562509646786,0.6255390582834758,2.019790688644966,3.118288694340493,0.47675339521555177,0.5210205976881868
hurricane,5,baseline,0.01686528,48.42563247680664,0.1529504324197769,0.1524784642457962,0.0463134400844574,0.029608831882476806,0.6089048326842494,0.6107895821367803,2.010912108703466,3.1454215360878752,0.467381549355209,0.5114703740558595
hurricane,5,mix,0.0211968,48.169952392578125,0.14884431964159012,0.14933791786432266,0.046442463874816896,0.030119263470172884,0.6257024633913192,0.6236343642219581,2.005325507978662,3.0921160324447095,0.47689995085470466,0.518966456337882
hurricane,6,baseline,0.02084736,49.10955047607422,0.15292445075511932,0.1525694712996483,0.04584080028533936,0.029688255608081818,0.6090082848208637,0.6104252486962806,2.0316455402575744,3.1370067238371235,0.46855402025271903,0.5109920936778556
hurricane,6,mix,0.02649728,48.977264404296875,0.14933229106664658,0.14907830077409745,0.046921151995658876,0.030540160179138184,0.6236578625850131,0.624720411877204,1.984867240049102,3.049501276852044,0.4745509480411038,0.5185004757712248
nyx,1,baseline,0.07429623603820801,19.823415756225586,0.9227212446928025,0.9166935067772866,0.271211744427681,0.1848966066837311,0.5418754611707924,0.5454385749472496,1.8435779802055208,2.7042140413926514,0.41878397243075377,0.45388933133130704
nyx,1,mix,0.07482552528381348,19.80524444580078,0.9001232280731201,0.8954823028445243,0.269776862680912,0.1809608002305031,0.5554794992573876,0.5583583264702565,1.8533835519890096,2.7630293376417057,0.42738692299590864,0.46449273405317204
nyx,2,baseline,0.15009689331054688,22.12841033935547,0.9227734763026237,0.9175075485706329,0.2619888932704926,0.20040838247537612,0.5418447894746651,0.5449546445464566,1.9084778509437457,2.4949056213326517,0.4220255579016709,0.44726082356851393
nyx,2,mix,0.15150165557861328,22.118921279907227,0.9003274783492088,0.8953313593268395,0.26252339261770247,0.19908108824491502,0.5553534819538916,0.5584524598534426,1.9045921775364258,2.5115394154611326,0.4299777490679004,0.45686614868953945
nyx,3,baseline,0.28234243392944336,24.188308715820312,0.9222405748367309,0.9190632889270782,0.26980272120237353,0.2224838714003563,0.542157885526255,0.5440321749590324,1.853205919390858,2.2473539176251465,0.41944785198775003,0.4380020531579116
nyx,3,mix,0.2850680351257324,24.179576873779297,0.9018791798353195,0.8962330844402313,0.270272769510746,0.2227942715883255,0.5543979849843064,0.5578905852513687,1.8499828928571365,2.244222871779618,0.42656585631150135,0.4468166013157236
nyx,4,baseline,0.38060474395751953,24.87270736694336,0.9236582933068276,0.9167642166614532,0.272499105155468,0.2331894388794899,0.5413257301138164,0.5453965053531776,1.8348684107228048,2.1441794379821606,0.4180051894865746,0.43480013093640535
nyx,4,mix,0.3827035427093506,24.8637752532959,0.9017110033631325,0.8964977286458016,0.271513792514801,0.23293772894144057,0.5545013847398317,0.5577258971478618,1.8415270744404026,2.146496414609149,0.42617578639381376,0.44269904636084795
nyx,5,baseline,0.4847526550292969,25.25705337524414,0.9243460175395012,0.9179360866546631,0.2713260180950165,0.2436348471045494,0.5409229774483589,0.5447002326950734,1.842801525303421,2.0522515803555734,0.41817487161908967,0.43045154236241195
nyx,5,mix,0.4866495132446289,25.251792907714844,0.9016586867570877,0.8971496880054474,0.2713757115602493,0.24328409457206726,0.5545335583670842,0.5573205973148196,1.8424640772945253,2.05521039457796,0.42624495983854066,0.43842966390380084
nyx,6,baseline,0.6136069297790527,25.54790687561035,0.9242770931720734,0.91891519343853,0.2744679384827614,0.256366846203804,0.5409633146744173,0.5441198530291218,1.8217063995305363,1.9503301905212613,0.4171028757547913,0.42542979738902653
nyx,6,mix,0.6157920360565186,25.540769577026367,0.9014137303233146,0.8975400301814079,0.27169193321466445,0.25573830300569533,0.5546842511713933,0.5570782173347094,1.8403196373333204,1.9551236327272608,0.42621906580183566,0.43354668652990463
roibinsz,1,baseline,0.012362119548292987,36.786434173583984,0.3519637162089348,0.351925508916378,0.2932053785324097,0.21070009541511536,0.4132992151409259,0.41334408555704033,0.49612434940772104,0.6903951675040426,0.2254700804066807,0.25854907161588936
roibinsz,1,mix,0.012723517938799929,36.62042236328125,0.34393331515789033,0.34525734549760817,0.29544383883476255,0.20665283370018006,0.4229492208408387,0.42132724926556,0.4923654128004799,0.7039164431603416,0.22751255148679878,0.26356884353659565
roibinsz,2,baseline,0.010374838149246881,37.32986831665039,0.35218739157915113,0.3518318383097649,0.29707030320167543,0.20934934186935425,0.4130367274506589,0.4134541329916901,0.4896697047785419,0.6948497013093812,0.22405021740457334,0.2592145510311056
roibinsz,2,mix,0.022193630865553243,37.21461868286133,0.3429570199847221,0.3442327364087105,0.2970378541946411,0.2130225269794464,0.42415322967792435,0.42258133025013317,0.4897231972727491,0.6828682850113393,0.22729295739088734,0.26104074241091835
roibinsz,3,baseline,0.01361758969399964,37.554954528808594,0.35087036597728727,0.3517355822324753,0.3134466869831085,0.21529571080207824,0.4145871004582152,0.4135672789882604,0.464086346125826,0.6756582707816404,0.2189712382348079,0.2565402111914341
roibinsz,3,mix,0.030846704800616263,37.479671478271484,0.34453114211559294,0.3434690535068512,0.31632297539710996,0.2246883852481842,0.42221532362503017,0.42352091456860963,0.4598664623858535,0.6474136502719465,0.2201186673614698,0.25603172245000744
roibinsz,4,baseline,0.017655253798370837,37.800601959228516,0.3518694384098053,0.35206745702028275,0.3170988807678223,0.21771913695335388,0.4134099520681269,0.41317743167286247,0.45874122076686175,0.6681375358308643,0.21744875429386581,0.25529966693805173
roibinsz,4,mix,0.02599527969449134,37.75368118286133,0.344057026386261,0.3435493776202202,0.31864038395881655,0.22233420825004577,0.42279714265717766,0.4234218925817511,0.45652194445647376,0.6542687641824293,0.21950640729302018,0.2570605179217653
roibinsz,5,baseline,0.022347696392572076,37.925865173339844,0.35174953275918963,0.35132483768463135,0.3199940469264984,0.21994044637680055,0.41355087674508345,0.4140507930663729,0.45459073087271984,0.6613896173422525,0.21655038033307394,0.2546388372019354
roibinsz,5,mix,0.038147607886843786,37.91401290893555,0.343394626557827,0.34308246076107024,0.32087161660194397,0.23072646307945252,0.4236127079954179,0.42399814710592887,0.4533474453357276,0.6304709296269315,0.21898798736976974,0.2535100477239448
roibinsz,6,baseline,0.03706505171029125,38.21790313720703,0.35173392355442046,0.3500281643867493,0.31761657261848447,0.23136886310577393,0.41356922925499306,0.4155846370879724,0.45799350603146255,0.6287204151611969,0.2173245982470443,0.25020136118447395
roibinsz,6,mix,0.05910051956140495,38.19762420654297,0.3434008572101593,0.3441545577645302,0.32164268589019773,0.23916934418678285,0.42360502198225963,0.4226773244327163,0.45226064216145606,0.6082147700067791,0.21873203518237158,0.2493748793434109
stem,1,baseline,0.04947440854964718,26.226613998413086,0.3786609912514687,0.3767455626130104,0.3658363230228424,0.275722785115242,0.6395892515877436,0.6428410153533056,0.6620105352001312,0.8783731815953277,0.3253033897591277,0.3711865883505954
stem,1,mix,0.0502777099609375,26.227033615112305,0.37132166546583173,0.36982012969255446,0.3634509057998657,0.2697604789733887,0.6522309967994194,0.6548791711293263,0.6663554723216472,0.8977871811381656,0.32960879253129305,0.37866610825672486
stem,2,baseline,0.04564051474294355,26.659461975097656,0.3788535976409912,0.3768389791250229,0.3717829737663269,0.2898607652187347,0.6392640891046821,0.6426816582571467,0.6514217086020182,0.8355304651777914,0.32264281974156805,0.3632632261444598
stem,2,mix,0.04786042244203629,26.646820068359375,0.37026863181591035,0.36915084528923037,0.37123062372207644,0.28840633702278134,0.6540859235421553,0.6560664917623191,0.6523909519418172,0.8397440309394779,0.3266186691236574,0.36831397559745876
stem,3,baseline,0.09434656943044355,27.574260711669922,0.37785878145694735,0.37619872254133224,0.3841939489841461,0.3170262415409088,0.6409471259769954,0.6437754449668321,0.630378225998541,0.7639351834814858,0.31780937240368706,0.34936350037629055
stem,3,mix,0.09740078833795363,27.570466995239258,0.3712718659937382,0.3692519625425339,0.3821058921813965,0.3199164154529571,0.6523184819074999,0.6558868322117654,0.6338229924102472,0.7570336759903246,0.32146887450810524,0.35141992542435624
stem,4,baseline,0.15326026178175403,28.199493408203125,0.3780749068260193,0.37632729184627534,0.3837265598773956,0.33617427277565004,0.6405807305044148,0.6435555040715207,0.6311460433632253,0.7204224701681046,0.31791419495164686,0.33991153426941867
stem,4,mix,0.1557518743699597,28.19904327392578,0.3702420482635498,0.36870448184013366,0.3834595539569855,0.3371512317657471,0.6541328872176166,0.6568607433012162,0.631585515345296,0.718334910810209,0.32133074851701754,0.3431119070536093
stem,5,baseline,0.23521767893145162,28.743480682373047,0.3781290861964226,0.37561145198345186,0.38568860721588133,0.3576594569683075,0.6404889463440893,0.6447819913932494,0.6279353226123179,0.6771455228750192,0.31707500636446856,0.330283796947866
stem,5,mix,0.23803366384198588,28.744094848632812,0.3695264336168766,0.3685353959798813,0.38490227150917056,0.35815730786323546,0.6553996628319666,0.6571621142551562,0.6292181624452422,0.6762042674624994,0.32102105653513835,0.33327360893977687
stem,6,baseline,0.35639805947580644,29.23540496826172,0.3773799102306366,0.37601693177223205,0.3871681296825409,0.3801200609207153,0.6417604473221337,0.6440866874226353,0.6255357335289504,0.6371342238906854,0.3167721154938844,0.3202957960533848
stem,6,mix,0.35890936082409275,29.23767852783203,0.3709312242269516,0.3693484219908714,0.3854027864933014,0.379288702249527,0.6529175334450122,0.6557155400706863,0.6284010092496034,0.6385307512815642,0.3202123619554885,0.32350452864027357
tecnick,1,baseline,0.05885111111111111,24.962308883666992,0.10121257394552231,0.1001439698934555,0.051345887959003446,0.036805792450904845,0.5300149794305751,0.5356705985884553,1.0447609814574277,1.4574928761391948,0.3516303168514061,0.3917069980958653
tecnick,1,mix,0.059653333333333336,24.888002395629883,0.09899753952026367,0.09777088275551796,0.05184358441829681,0.03622217589616775,0.541873874419588,0.5486723530152847,1.034731315354794,1.4809761967813488,0.35563365544598785,0.40035044231133904
tecnick,2,baseline,0.09949333333333334,28.036863327026367,0.10116540575027466,0.10000025701522827,0.05228060805797577,0.04200745576620102,0.5302620979969324,0.5364404242449347,1.0260817976402203,1.277015694461872,0.3495964409012705,0.3777553996691562
tecnick,2,mix,0.10142888888888889,28.01740837097168,0.09847744166851044,0.09775283390283585,0.05307052761316299,0.04145782542228699,0.5447357220999482,0.5487736585843914,1.0108092515844196,1.2939458293201604,0.3539749199683846,0.3853453504057257
tecnick,3,baseline,0.1464,30.075328826904297,0.10124099004268647,0.09944060641527176,0.05255673676729202,0.045621855914592745,0.5298662159984157,0.5394595048408017,1.0206908494980285,1.1758438849633202,0.3487969647570311,0.36980056340052664
tecnick,3,mix,0.1492111111111111,30.05725860595703,0.098967874199152,0.09769539475440979,0.052652255773544314,0.04585459131002426,0.5420362994753626,0.5490963052322398,1.018839164813251,1.169875878626017,0.3538064523985818,0.3736968687253843
tecnick,4,baseline,0.1992311111111111,31.329551696777344,0.10069542533159256,0.10013734757900238,0.05158140766620636,0.047611840069293976,0.5327370148266412,0.5357060237243604,1.039990623074768,1.1266983216733097,0.35228064073690685,0.3630759745735232
tecnick,4,mix,0.20215555555555556,31.33419418334961,0.09908829024434089,0.09790854156017303,0.053406048953533174,0.04766451245546341,0.5413775953300928,0.5479009230760802,1.004458883384644,1.1254532467519816,0.3517781747179729,0.36850350266121007
tecnick,5,baseline,0.26704222222222224,32.4386100769043,0.10114716446399688,0.10022518384456634,0.05301347100734711,0.049696350991725924,0.530357727595479,0.5352365367674988,1.0118971513941626,1.0794390177013786,0.3479758638373229,0.35781504209137566
tecnick,5,mix,0.27058,32.43394470214844,0.09859244734048843,0.09763152071833611,0.05227167987823486,0.049809632182121276,0.5441003012390159,0.5494555436928341,1.0262570558821507,1.076984068095702,0.3555794295623244,0.3638345146016906
tecnick,6,baseline,0.35881111111111114,33.49802017211914,0.1012077442407608,0.10018332481384278,0.05297987270355225,0.0519133113026619,0.5300402721182941,0.5354601716156989,1.0125388673169609,1.0333415255501321,0.34791497113043707,0.3526980061331573
tecnick,6,mix,0.3639044444444444,33.479705810546875,0.09893552210927009,0.09792432221770286,0.052459647297859194,0.052055168628692625,0.5422135462994154,0.5478126279862442,1.0225798887527158,1.030525531105149,0.3543321792097115,0.357676772971528
tomobank,1,baseline,0.023609161376953125,38.481693267822266,1.0059803790450097,1.0061023281216621,0.9014682235717774,0.717232415676117,0.6212844832951122,0.6212091777650895,0.6933134010244297,0.8714051210454957,0.3276628262185288,0.36266894882108824
tomobank,1,mix,0.024337196350097658,38.40538787841797,0.9818188800215721,0.9794716109633446,0.8974586274623871,0.6847756433486939,0.6365736213855123,0.6380991475447569,0.6964109329108812,0.9127076964122458,0.3325746184430054,0.37554515915867354
tomobank,2,baseline,0.012708091735839843,37.12234115600586,1.0061578202843666,1.0034397712349892,0.9015416665077209,0.6759657614231109,0.6211749164990424,0.6228575126445085,0.6932569211371523,0.9246030430360663,0.32761973483096934,0.3721554966004985
tomobank,2,mix,0.019394683837890624,37.00263214111328,0.9818042230010032,0.9802736988663674,0.9026521918773651,0.6842898290157318,0.6365831245761115,0.6375770366202603,0.6924040130009598,0.9133556769344168,0.33166062906280613,0.37547380411201026
tomobank,3,baseline,0.02076416015625,38.99276351928711,1.0060390780568123,1.0043878062963485,0.939817281961441,0.7052470059394836,0.6212482334256856,0.6222696015244049,0.6650228847628731,0.8862143259543741,0.32119534249390186,0.36557514828715687
tomobank,3,mix,0.02502307891845703,39.02842712402344,0.980491173863411,0.9790836923718452,0.9397910680770875,0.732344512462616,0.6374356206974553,0.638351966097942,0.6650414344528902,0.8534234767436786,0.32547298847507966,0.3651920648698515
tomobank,4,baseline,0.029263114929199217,40.401939392089844,1.0059499261975289,1.0037217929363251,0.9448094406127929,0.7365511913299561,0.6213032912706578,0.6226825046526107,0.6615090547726026,0.8485493029635411,0.3203880553560713,0.3591390578665491
tomobank,4,mix,0.03443698883056641,40.357322692871094,0.9813654704689979,0.9790860796570778,0.9508970530033112,0.7463646094799041,0.6368677305319397,0.6383504096176146,0.6572740950516162,0.8373923308549213,0.32345501318157543,0.36222420260100624
tomobank,5,baseline,0.039888763427734376,41.6669807434082,1.0068636842370033,1.0041097254157065,0.9629641604423523,0.7660088970661163,0.6207394404870428,0.6224419345617301,0.6490376544365853,0.8159174160950439,0.31728661044576517,0.35308368154655584
tomobank,5,mix,0.043919944763183595,41.632415771484375,0.9812988831400872,0.9784235098958015,0.9545828800201416,0.778190242767334,0.636910946031085,0.6387826883540034,0.6547362340992461,0.803145510765373,0.3228502958670984,0.3557981935712738
tomobank,6,baseline,0.058587074279785156,43.06324005126953,1.0068019824028016,1.0041936383843422,0.9705639703273773,0.8059654414653779,0.6207774824880608,0.6223899217341878,0.6439554929997902,0.7754674925808818,0.31607705146184656,0.34527352151385926
tomobank,6,mix,0.06216144561767578,43.036075592041016,0.9831065231561661,0.9804488354325295,0.9688869438171387,0.8194157135486603,0.6357398565452494,0.6374631468905548,0.6450701023358597,0.7627386071146962,0.3201854978383221,0.34724835285731925
